{
  "train_loss": [
    2.2453295379263314,
    1.0429862034129878,
    0.6792716471499655,
    0.47048165937310227,
    0.33864313664439066,
    0.24013941688313908,
    0.17525585482677006,
    0.12778507529393487,
    0.09356909825272637,
    0.06819356077178051,
    0.05060012971969573,
    0.04406123122017089,
    0.030168150288630406,
    0.02938775478369925,
    0.022399519937159815,
    0.0315343136513431,
    0.01817787632333366,
    0.014122024877636226,
    0.013714765585123538,
    0.02259315625166103,
    0.020240152702380176,
    0.01140642362493314,
    0.011030082022400947,
    0.019607853864051096,
    0.017819196525407057
  ],
  "train_accuracy": [
    0.47986270022883293,
    0.769908466819222,
    0.861212814645309,
    0.9081235697940503,
    0.9384439359267734,
    0.9624713958810068,
    0.9765446224256293,
    0.9826086956521739,
    0.9897025171624714,
    0.9932494279176202,
    0.995537757437071,
    0.9946224256292906,
    0.9969107551487414,
    0.9961098398169337,
    0.9973684210526316,
    0.994508009153318,
    0.997254004576659,
    0.9978260869565218,
    0.9979405034324943,
    0.9949656750572082,
    0.9958810068649886,
    0.9978260869565218,
    0.9975972540045767,
    0.9950800915331808,
    0.9954233409610984
  ],
  "train_f1": [
    0.47986270022883293,
    0.769908466819222,
    0.861212814645309,
    0.9081235697940503,
    0.9384439359267734,
    0.9624713958810068,
    0.9765446224256293,
    0.9826086956521739,
    0.9897025171624714,
    0.9932494279176202,
    0.995537757437071,
    0.9946224256292906,
    0.9969107551487414,
    0.9961098398169337,
    0.9973684210526316,
    0.994508009153318,
    0.997254004576659,
    0.9978260869565218,
    0.9979405034324943,
    0.9949656750572082,
    0.9958810068649886,
    0.9978260869565218,
    0.9975972540045767,
    0.9950800915331808,
    0.9954233409610984
  ],
  "test_loss": [
    1.5517007065936923,
    1.2118250313214958,
    1.1029478223063052,
    1.054743749089539,
    1.0445041446946561,
    1.057113637914881,
    1.0681754212127998,
    1.0942831200081855,
    1.128878491697833,
    1.0929872076958418,
    1.1715066827018745,
    1.1516269389539957,
    1.1913066926645115,
    1.188566057360731,
    1.2656420599087141,
    1.2837154389271745,
    1.2358771043946035,
    1.2963916995213367,
    1.2769229924597312,
    1.372943804220995,
    1.39642863314657,
    1.3838619789748918,
    1.377039377053734,
    1.4242755949671846,
    1.4333812245895388
  ],
  "test_accuracy": [
    0.6044921875,
    0.6904296875,
    0.689453125,
    0.69921875,
    0.708984375,
    0.708984375,
    0.724609375,
    0.7158203125,
    0.7265625,
    0.7275390625,
    0.7236328125,
    0.7255859375,
    0.7255859375,
    0.7119140625,
    0.7177734375,
    0.7158203125,
    0.7275390625,
    0.7353515625,
    0.7216796875,
    0.7119140625,
    0.7041015625,
    0.712890625,
    0.712890625,
    0.7177734375,
    0.7099609375
  ],
  "test_f1": [
    0.6044921875,
    0.6904296875,
    0.689453125,
    0.69921875,
    0.708984375,
    0.708984375,
    0.724609375,
    0.7158203125,
    0.7265625,
    0.7275390625,
    0.7236328125,
    0.7255859375,
    0.7255859375,
    0.7119140625,
    0.7177734375,
    0.7158203125,
    0.7275390625,
    0.7353515625,
    0.7216796875,
    0.7119140625,
    0.7041015625,
    0.712890625,
    0.712890625,
    0.7177734375,
    0.7099609375
  ]
}