{
  "d_model": 512,
  "nhead": 2,
  "depth": 5,
  "lr": 2.608329416068934e-05,
  "weight_decay": 8.994960802894244e-05,
  "batch_size": 32
}