{
  "train_loss": [
    2.222331770006525,
    1.017965289084262,
    0.6522582786238712,
    0.444655478273431,
    0.3129609358938117,
    0.22639131408602475,
    0.15877276978858276,
    0.11491656898770235,
    0.08521463978669054,
    0.06558211004570365,
    0.05418331671327148,
    0.04200148170204403,
    0.03158256415846743,
    0.026077600791453635,
    0.024587062226280196,
    0.020724587670145917,
    0.026389348027839814,
    0.02738206848497897,
    0.018674113839498168,
    0.019485156104134854,
    0.01329085414214763,
    0.012173848799312619,
    0.01644989733042907,
    0.030696660773807314,
    0.019187393609340596
  ],
  "train_accuracy": [
    0.4845537757437071,
    0.7660183066361556,
    0.8600686498855835,
    0.9130434782608695,
    0.9441647597254005,
    0.9635011441647597,
    0.9770022883295194,
    0.9860411899313501,
    0.9914187643020596,
    0.9932494279176202,
    0.9934782608695653,
    0.9950800915331808,
    0.9967963386727688,
    0.9966819221967963,
    0.9966819221967963,
    0.9971395881006865,
    0.9947368421052631,
    0.9946224256292906,
    0.9969107551487414,
    0.9963386727688787,
    0.9977116704805492,
    0.997254004576659,
    0.9958810068649886,
    0.9924485125858123,
    0.9954233409610984
  ],
  "train_f1": [
    0.4845537757437071,
    0.7660183066361556,
    0.8600686498855835,
    0.9130434782608695,
    0.9441647597254005,
    0.9635011441647597,
    0.9770022883295194,
    0.9860411899313501,
    0.9914187643020596,
    0.9932494279176202,
    0.9934782608695653,
    0.9950800915331808,
    0.9967963386727688,
    0.9966819221967963,
    0.9966819221967963,
    0.9971395881006865,
    0.9947368421052631,
    0.9946224256292906,
    0.9969107551487414,
    0.9963386727688787,
    0.9977116704805492,
    0.997254004576659,
    0.9958810068649886,
    0.9924485125858123,
    0.9954233409610984
  ],
  "test_loss": [
    1.5324844364076853,
    1.2133772000670433,
    1.1145154172554612,
    1.0453884545713663,
    1.050406371243298,
    1.0544943185523152,
    1.0785381197929382,
    1.0684171724133193,
    1.0994120445102453,
    1.1392857749015093,
    1.1661276193335652,
    1.1500772209838033,
    1.174463806208223,
    1.1870628781616688,
    1.2270947084762156,
    1.26513030519709,
    1.3263716793153435,
    1.318977629300207,
    1.3362034489400685,
    1.3247697295155376,
    1.3591619804501534,
    1.3202813530806452,
    1.4859689334407449,
    1.504893654026091,
    1.5103483218699694
  ],
  "test_accuracy": [
    0.603515625,
    0.6748046875,
    0.69140625,
    0.7021484375,
    0.7099609375,
    0.716796875,
    0.70703125,
    0.701171875,
    0.7080078125,
    0.7109375,
    0.7109375,
    0.7275390625,
    0.712890625,
    0.7109375,
    0.70703125,
    0.712890625,
    0.6962890625,
    0.6943359375,
    0.7177734375,
    0.7216796875,
    0.70703125,
    0.7001953125,
    0.6875,
    0.6728515625,
    0.703125
  ],
  "test_f1": [
    0.603515625,
    0.6748046875,
    0.69140625,
    0.7021484375,
    0.7099609375,
    0.716796875,
    0.70703125,
    0.701171875,
    0.7080078125,
    0.7109375,
    0.7109375,
    0.7275390625,
    0.712890625,
    0.7109375,
    0.70703125,
    0.712890625,
    0.6962890625,
    0.6943359375,
    0.7177734375,
    0.7216796875,
    0.70703125,
    0.7001953125,
    0.6875,
    0.6728515625,
    0.703125
  ]
}