{
  "d_model": 512,
  "nhead": 2,
  "depth": 4,
  "lr": 1.905037366532312e-05,
  "weight_decay": 9.41987576889463e-05,
  "batch_size": 16
}