{"train_loss": [2.8867005543275313, 1.8408782048658892, 1.494324533970325, 1.286746558430907, 1.1227609515190125, 1.00828860642074, 0.9301805542660998, 0.8392881704615308, 0.7594805363710825, 0.735333624985311, 0.7073121726899952, 0.6930099276753215, 0.6386808369840894, 0.6057219261472876, 0.580197667146658, 0.574041736977441, 0.534753477225056, 0.5055987556259354, 0.497081457213922, 0.4579591542095333, 0.45792002666306186, 0.45128442927614437], "train_accuracy": [0.24959415584415584, 0.4742694806742978, 0.5604707792207793, 0.6112012987012987, 0.6354707792981878, 0.6849837659241317, 0.6926948052722138, 0.7241071431667774, 0.7473214284166113, 0.743019480209846, 0.7609577922077922, 0.7644480521028693, 0.7802759741807913, 0.8000811686763516, 0.7980519478971307, 0.8050324676872848, 0.8252435063386893, 0.823782467222833, 0.827191558751193, 0.8400162334565993, 0.844399350804168, 0.841964285869103], "train_f1": [0.24959415584415584, 0.4742694806742978, 0.5604707792207793, 0.6112012987012987, 0.6354707792981878, 0.6849837659241317, 0.6926948052722138, 0.7241071431667774, 0.7473214284166113, 0.743019480209846, 0.7609577922077922, 0.7644480521028693, 0.7802759741807913, 0.8000811686763516, 0.7980519478971307, 0.8050324676872848, 0.8252435063386893, 0.823782467222833, 0.827191558751193, 0.8400162334565993, 0.844399350804168, 0.841964285869103], "test_loss": [1.998935792181227, 1.572643584675259, 1.3912509149975247, 1.3332115477985806, 1.2295028236177232, 1.1440288225809734, 1.0699341628286574, 1.1070793800883822, 1.1020818286471896, 1.0856238537364535, 1.1123976045184665, 1.2068932718700833, 1.102519002225664, 1.044251475069258, 1.068184733390808, 1.1033623615900676, 1.044228070312076, 1.2040342821015253, 1.2304576767815485, 1.0986182027392917, 1.2170039878951178, 1.2385002440876431], "test_accuracy": [0.4131944444444444, 0.5694444444444444, 0.6041666666666666, 0.5868055555555556, 0.6180555555555556, 0.6666666666666666, 0.6909722222222222, 0.65625, 0.6875, 0.6944444444444444, 0.6875, 0.6701388888888888, 0.6875, 0.7118055555555556, 0.7048611111111112, 0.6875, 0.7395833333333334, 0.6944444444444444, 0.6770833333333334, 0.7395833333333334, 0.7118055555555556, 0.6979166666666666], "test_f1": [0.4131944444444444, 0.5694444444444444, 0.6041666666666666, 0.5868055555555556, 0.6180555555555556, 0.6666666666666666, 0.6909722222222222, 0.65625, 0.6875, 0.6944444444444444, 0.6875, 0.6701388888888888, 0.6875, 0.7118055555555556, 0.7048611111111112, 0.6875, 0.7395833333333334, 0.6944444444444444, 0.6770833333333334, 0.7395833333333334, 0.7118055555555556, 0.6979166666666666]}