{"train_loss": [2.9093660394866747, 1.8586905637344757, 1.5187269944649238, 1.2849268441076402, 1.096740180795843, 1.0435031691154877, 0.916855045340278, 0.8711154282867134, 0.7859663166008987, 0.764313764773406, 0.6858842446432485, 0.6426109892207307, 0.6161012192825218, 0.6008635209752368, 0.5908094470377092, 0.5474499247290872, 0.5370199413268597], "train_accuracy": [0.23449675332416187, 0.4637175326223497, 0.5538961039735125, 0.6040584414036243, 0.6641233764685593, 0.6753246753246753, 0.709253246908064, 0.7160714284166113, 0.7408279219231049, 0.7413961035864693, 0.7767045451449109, 0.7810064933516763, 0.7918831171927514, 0.7943181821278164, 0.7952110388062217, 0.8110389608841437, 0.8179383115334944], "train_f1": [0.23449675332416187, 0.4637175326223497, 0.5538961039735125, 0.6040584414036243, 0.6641233764685593, 0.6753246753246753, 0.709253246908064, 0.7160714284166113, 0.7408279219231049, 0.7413961035864693, 0.7767045451449109, 0.7810064933516763, 0.7918831171927514, 0.7943181821278164, 0.7952110388062217, 0.8110389608841437, 0.8179383115334944], "test_loss": [2.0532931221856012, 1.6807670725716486, 1.4227419164445665, 1.336114976141188, 1.2524549563725789, 1.202061308754815, 1.2193231648868985, 1.2190114392174616, 1.1060729689068265, 1.2073896593517728, 1.1036035219828289, 1.0910216404332056, 1.1799794501728482, 1.1271635227733188, 1.1436349948247273, 1.1649834381209478, 1.086101512114207], "test_accuracy": [0.4340277777777778, 0.4861111111111111, 0.6076388888888888, 0.6458333333333334, 0.6631944444444444, 0.625, 0.6631944444444444, 0.7083333333333334, 0.71875, 0.6840277777777778, 0.6840277777777778, 0.75, 0.6875, 0.7361111111111112, 0.7013888888888888, 0.7430555555555556, 0.71875], "test_f1": [0.4340277777777778, 0.4861111111111111, 0.6076388888888888, 0.6458333333333334, 0.6631944444444444, 0.625, 0.6631944444444444, 0.7083333333333334, 0.71875, 0.6840277777777778, 0.6840277777777778, 0.75, 0.6875, 0.7361111111111112, 0.7013888888888888, 0.7430555555555556, 0.71875]}