{"train_loss": [3.220264795538667, 2.1389949817162055, 1.662533566549227, 1.3598742577936742, 1.195317009052673, 1.0474377320958423, 0.9472444305172214, 0.8396029108530515, 0.7536405038523983, 0.7035657531255252, 0.6440791429637315, 0.5965657071633772, 0.5570792931240874], "train_accuracy": [0.1846590909090909, 0.42678571444053154, 0.5334415584802628, 0.6117694803646633, 0.6505681818181818, 0.6922077923626094, 0.7155032467532467, 0.7379058444654787, 0.7602272730369073, 0.7775162338436424, 0.7948863637911809, 0.8103896100799759, 0.8276785712737542], "train_f1": [0.1846590909090909, 0.42678571444053154, 0.5334415584802628, 0.6117694803646633, 0.6505681818181818, 0.6922077923626094, 0.7155032467532467, 0.7379058444654787, 0.7602272730369073, 0.7775162338436424, 0.7948863637911809, 0.8103896100799759, 0.8276785712737542], "test_loss": [2.392157713572184, 1.7332695060306125, 1.462248616748386, 1.227176308631897, 1.1579010751512315, 1.112369974454244, 1.0498589012357924, 0.9799746208720737, 0.9788679348097907, 1.0403730736838446, 1.0348023706012301, 0.978800098101298, 1.0058032936520047], "test_accuracy": [0.4097222222222222, 0.5590277777777778, 0.5763888888888888, 0.6805555555555556, 0.6423611111111112, 0.6840277777777778, 0.6909722222222222, 0.7256944444444444, 0.7222222222222222, 0.71875, 0.7152777777777778, 0.7048611111111112, 0.7256944444444444], "test_f1": [0.4097222222222222, 0.5590277777777778, 0.5763888888888888, 0.6805555555555556, 0.6423611111111112, 0.6840277777777778, 0.6909722222222222, 0.7256944444444444, 0.7222222222222222, 0.71875, 0.7152777777777778, 0.7048611111111112, 0.7256944444444444]}