{"train_loss": [2.8790277412959506, 1.8325866244056008, 1.4418643728479164, 1.2510673543075463, 1.09346339996759, 0.9978730152179669, 0.9009108481469092, 0.8183559336058506, 0.804613269381709, 0.7241561765020544, 0.707825879384945, 0.6633116134575435, 0.6014222007293206, 0.5971828155316316, 0.56749113542693, 0.5924185417689286], "train_accuracy": [0.24829545462286318, 0.4784902597402597, 0.586688311843129, 0.627435064935065, 0.6649350647802477, 0.6851461042057384, 0.711688311843129, 0.7329545454545454, 0.724675324830142, 0.7684253245205074, 0.7648538962587134, 0.7729707793755964, 0.7858766232218061, 0.7912337663885834, 0.8008116886213228, 0.8025974027522198], "train_f1": [0.24829545462286318, 0.4784902597402597, 0.586688311843129, 0.627435064935065, 0.6649350647802477, 0.6851461042057384, 0.711688311843129, 0.7329545454545454, 0.724675324830142, 0.7684253245205074, 0.7648538962587134, 0.7729707793755964, 0.7858766232218061, 0.7912337663885834, 0.8008116886213228, 0.8025974027522198], "test_loss": [2.1379497713512845, 1.683464076783922, 1.4659080240461562, 1.4569590489069622, 1.381400379869673, 1.2649884091483221, 1.3593532509273953, 1.3011489576763577, 1.2983485460281372, 1.3031660980648465, 1.2837079630957708, 1.3256330953703985, 1.3121995793448553, 1.436720397737291, 1.468448327647315, 1.3979509009255304], "test_accuracy": [0.3784722222222222, 0.5104166666666666, 0.5868055555555556, 0.5729166666666666, 0.5972222222222222, 0.6145833333333334, 0.6180555555555556, 0.6215277777777778, 0.6423611111111112, 0.6319444444444444, 0.6631944444444444, 0.65625, 0.6458333333333334, 0.6284722222222222, 0.6076388888888888, 0.6493055555555556], "test_f1": [0.3784722222222222, 0.5104166666666666, 0.5868055555555556, 0.5729166666666666, 0.5972222222222222, 0.6145833333333334, 0.6180555555555556, 0.6215277777777778, 0.6423611111111112, 0.6319444444444444, 0.6631944444444444, 0.65625, 0.6458333333333334, 0.6284722222222222, 0.6076388888888888, 0.6493055555555556]}