{"train_loss": [2.956765416380647, 1.846039637342676, 1.5083482420289671, 1.3107755865369524, 1.1269868898701358, 1.047144267466161, 0.9328116867449376, 0.8959032374543029, 0.8327774339682096, 0.7814828540597644, 0.7242276196355943, 0.6988716334491581, 0.675546206437148, 0.6567560904598856, 0.5760672626557288, 0.5683226807937993, 0.5601422053265881], "train_accuracy": [0.22256493510363937, 0.4788961038961039, 0.554788961038961, 0.6010551948051948, 0.6517857142857143, 0.670941558751193, 0.70397727288209, 0.7030032470628813, 0.7298701297153126, 0.7452922076373906, 0.7638798704395047, 0.7716720777672607, 0.7719967535563877, 0.7775162334565993, 0.8057629868581697, 0.8147727274275446, 0.8104707792207793], "train_f1": [0.22256493510363937, 0.4788961038961039, 0.554788961038961, 0.6010551948051948, 0.6517857142857143, 0.670941558751193, 0.70397727288209, 0.7030032470628813, 0.7298701297153126, 0.7452922076373906, 0.7638798704395047, 0.7716720777672607, 0.7719967535563877, 0.7775162334565993, 0.8057629868581697, 0.8147727274275446, 0.8104707792207793], "test_loss": [2.0639301670922174, 1.6542278263303969, 1.438694503572252, 1.2788303560680814, 1.3202543258666992, 1.3664087388250563, 1.2027296092775133, 1.173649059401618, 1.1295413706037734, 1.1230765514903598, 1.1689365373717413, 1.131873435444302, 1.2033979429139032, 1.2172730101479425, 1.1796052389674716, 1.1859009861946106, 1.1698056525654263], "test_accuracy": [0.4513888888888889, 0.5104166666666666, 0.5798611111111112, 0.6041666666666666, 0.6388888888888888, 0.6215277777777778, 0.6354166666666666, 0.6770833333333334, 0.6701388888888888, 0.6840277777777778, 0.6631944444444444, 0.6909722222222222, 0.6493055555555556, 0.6597222222222222, 0.6909722222222222, 0.6840277777777778, 0.6770833333333334], "test_f1": [0.4513888888888889, 0.5104166666666666, 0.5798611111111112, 0.6041666666666666, 0.6388888888888888, 0.6215277777777778, 0.6354166666666666, 0.6770833333333334, 0.6701388888888888, 0.6840277777777778, 0.6631944444444444, 0.6909722222222222, 0.6493055555555556, 0.6597222222222222, 0.6909722222222222, 0.6840277777777778, 0.6770833333333334]}