{
  "train_loss": [
    2.873635486716264,
    1.5122659173655564,
    0.9900455162917995,
    0.6913133173839997,
    0.49743236443816385,
    0.3543791715967846,
    0.24721224016810445,
    0.18624747835730524,
    0.13418684882075618,
    0.10217574684107059,
    0.0817197929394327,
    0.07450590002045751,
    0.060399255898165215,
    0.04978039491265262,
    0.042992325468112456,
    0.041317097523869854,
    0.041867616697634384,
    0.05686280440786338,
    0.03324843620374219,
    0.02823845199277322,
    0.027717996386116373,
    0.023059559338544953,
    0.022641855815438303,
    0.02355602033419249,
    0.01911059320100862
  ],
  "train_accuracy": [
    0.3231121282555691,
    0.6901601830936406,
    0.822883295194508,
    0.8851258582326859,
    0.9203661327503911,
    0.9524027459954233,
    0.9766590389016019,
    0.9862700228832952,
    0.9899313501144165,
    0.9926773455377574,
    0.9917620137299771,
    0.9922196796338673,
    0.994508009153318,
    0.9954233409610984,
    0.9949656750572082,
    0.994508009153318,
    0.9917620137572561,
    0.991304347826087,
    0.9954233409610984,
    0.9954233409610984,
    0.9954233409610984,
    0.9963386727688787,
    0.9954233409610984,
    0.9949656750572082,
    0.9958810068649886
  ],
  "train_f1": [
    0.3231121282555691,
    0.6901601830936406,
    0.822883295194508,
    0.8851258582326859,
    0.9203661327503911,
    0.9524027459954233,
    0.9766590389016019,
    0.9862700228832952,
    0.9899313501144165,
    0.9926773455377574,
    0.9917620137299771,
    0.9922196796338673,
    0.994508009153318,
    0.9954233409610984,
    0.9949656750572082,
    0.994508009153318,
    0.9917620137572561,
    0.991304347826087,
    0.9954233409610984,
    0.9954233409610984,
    0.9954233409610984,
    0.9963386727688787,
    0.9954233409610984,
    0.9949656750572082,
    0.9958810068649886
  ],
  "test_loss": [
    1.9453859627246857,
    1.3843704462051392,
    1.1266573816537857,
    0.9925608932971954,
    0.9173178821802139,
    0.8734928965568542,
    0.8352725580334663,
    0.8298322185873985,
    0.8230676800012589,
    0.8219078183174133,
    0.8560109511017799,
    0.8306925222277641,
    0.8351516574621201,
    0.8438239172101021,
    0.8287100419402122,
    0.8389996290206909,
    0.8500291183590889,
    0.8707178831100464,
    0.832731805741787,
    0.8463242575526237,
    0.8619598671793938,
    0.8666743114590645,
    0.8568549454212189,
    0.874814935028553,
    0.8827406615018845
  ],
  "test_accuracy": [
    0.56640625,
    0.6875,
    0.73046875,
    0.74609375,
    0.7890625,
    0.76953125,
    0.796875,
    0.77734375,
    0.79296875,
    0.77734375,
    0.7890625,
    0.79296875,
    0.78515625,
    0.79296875,
    0.78125,
    0.80078125,
    0.8046875,
    0.78125,
    0.80078125,
    0.8046875,
    0.80078125,
    0.8125,
    0.78515625,
    0.796875,
    0.79296875
  ],
  "test_f1": [
    0.56640625,
    0.6875,
    0.73046875,
    0.74609375,
    0.7890625,
    0.76953125,
    0.796875,
    0.77734375,
    0.79296875,
    0.77734375,
    0.7890625,
    0.79296875,
    0.78515625,
    0.79296875,
    0.78125,
    0.80078125,
    0.8046875,
    0.78125,
    0.80078125,
    0.8046875,
    0.80078125,
    0.8125,
    0.78515625,
    0.796875,
    0.79296875
  ]
}