{
  "d_model": 256,
  "nhead": 4,
  "depth": 4,
  "lr": 0.00017667776518079958,
  "weight_decay": 0.00036944606587154325,
  "batch_size": 64
}