{"train_loss": [2.9591383407642313, 1.8671774941605408, 1.486785668831367, 1.3029183907942339, 1.133346462404573, 1.0235612446611577, 0.9405878395229191, 0.8748567607495692, 0.7966434340198318, 0.7314689689642423, 0.7217367848792633, 0.6583296316010612, 0.6067147223980396, 0.6257945212063851, 0.5808310481635007, 0.552029313398646, 0.5527297153875426, 0.4704086027749173, 0.442217352521884], "train_accuracy": [0.21737013002494712, 0.47548701314183023, 0.5637987016083358, 0.5978084415584416, 0.6530844158940501, 0.6766233769330111, 0.6905032465984295, 0.7183441558441559, 0.7344155845704017, 0.7611201297153126, 0.7617694805194806, 0.7745941559989731, 0.8049512985464814, 0.7840097399501057, 0.8016233769330111, 0.8081980517932347, 0.8074675326223497, 0.8423701300249471, 0.8517857139760797], "train_f1": [0.21737013002494712, 0.47548701314183023, 0.5637987016083358, 0.5978084415584416, 0.6530844158940501, 0.6766233769330111, 0.6905032465984295, 0.7183441558441559, 0.7344155845704017, 0.7611201297153126, 0.7617694805194806, 0.7745941559989731, 0.8049512985464814, 0.7840097399501057, 0.8016233769330111, 0.8081980517932347, 0.8074675326223497, 0.8423701300249471, 0.8517857139760797], "test_loss": [1.9871642589569092, 1.4554413027233548, 1.2710735996564229, 1.1386449999279447, 1.0742587049802144, 0.9863897230890062, 1.0485311481687758, 1.0088704228401184, 0.9846835202640958, 1.0345239970419142, 1.0579078031910791, 1.0043409797880385, 1.0129872096909418, 0.9574901892079247, 1.0122081802950964, 1.016260306040446, 0.9654443032211728, 0.987926615609063, 1.0284620390997992], "test_accuracy": [0.4583333333333333, 0.5729166666666666, 0.6180555555555556, 0.6493055555555556, 0.6423611111111112, 0.7013888888888888, 0.7152777777777778, 0.7083333333333334, 0.7118055555555556, 0.7048611111111112, 0.6979166666666666, 0.7256944444444444, 0.7118055555555556, 0.7534722222222222, 0.7222222222222222, 0.6840277777777778, 0.7083333333333334, 0.7013888888888888, 0.7465277777777778], "test_f1": [0.4583333333333333, 0.5729166666666666, 0.6180555555555556, 0.6493055555555556, 0.6423611111111112, 0.7013888888888888, 0.7152777777777778, 0.7083333333333334, 0.7118055555555556, 0.7048611111111112, 0.6979166666666666, 0.7256944444444444, 0.7118055555555556, 0.7534722222222222, 0.7222222222222222, 0.6840277777777778, 0.7083333333333334, 0.7013888888888888, 0.7465277777777778]}